Unnamed: 0,title,budget,revenue,"links",links
751,The Trapped 13: How We Survived The Thai Cave,0,0,"https://imdb.com/title/tt22029210/?ref_=fn_tt_tt_1",https://imdb.com/title/tt22029210/?ref_=fn_tt_tt_1
1003,Hunger,0,0,"https://imdb.com/title/tt1392170/?ref_=fn_tt_tt_1",https://imdb.com/title/tt1392170/?ref_=fn_tt_tt_1
1075,The Lost Lotteries,0,0,"https://imdb.com/title/tt22695198/?ref_=fn_tt_tt_1",https://imdb.com/title/tt22695198/?ref_=fn_tt_tt_1
1832,The Protector,6000000,27165581,"https://imdb.com/title/tt7668518/?ref_=fn_tt_tt_1",https://imdb.com/title/tt7668518/?ref_=fn_tt_tt_1
1932,The Medium,0,7230000,"https://imdb.com/title/tt13446168/?ref_=fn_tt_tt_1",https://imdb.com/title/tt13446168/?ref_=fn_tt_tt_1
2015,Jan Dara: The Beginning,0,0,"https://imdb.com/title/tt2599106/?ref_=fn_tt_tt_1",https://imdb.com/title/tt2599106/?ref_=fn_tt_tt_1
2043,Jan Dara,0,0,"https://imdb.com/title/tt0282628/?ref_=fn_tt_tt_1",https://imdb.com/title/tt0282628/?ref_=fn_tt_tt_1
2679,Home for Rent,0,0,"https://imdb.com/title/tt26547790/?ref_=fn_tt_tt_1",https://imdb.com/title/tt26547790/?ref_=fn_tt_tt_1
2786,Fast & Feel Love,0,0,"https://imdb.com/title/tt18357588/?ref_=fn_tt_tt_1",https://imdb.com/title/tt18357588/?ref_=fn_tt_tt_1
2839,Ong Bak 2,8500000,8936663,"https://imdb.com/title/tt0785035/?ref_=fn_tt_tt_1",https://imdb.com/title/tt0785035/?ref_=fn_tt_tt_1
2865,Shutter,125000,0,"https://imdb.com/title/tt1130884/?ref_=fn_tt_tt_1",https://imdb.com/title/tt1130884/?ref_=fn_tt_tt_1
2876,Ong Bak: Muay Thai Warrior,1100000,20112926,"https://imdb.com/title/tt0368909/?ref_=fn_tt_tt_1",https://imdb.com/title/tt0368909/?ref_=fn_tt_tt_1
2981,The Whole Truth,0,0,"https://imdb.com/title/tt3503406/?ref_=fn_tt_tt_1",https://imdb.com/title/tt3503406/?ref_=fn_tt_tt_1
3505,Jan Dara: The Finale,0,0,"https://imdb.com/title/tt2670454/?ref_=fn_tt_tt_1",https://imdb.com/title/tt2670454/?ref_=fn_tt_tt_1
3562,Deep,0,0,"https://imdb.com/title/tt2180339/?ref_=fn_tt_tt_1",https://imdb.com/title/tt2180339/?ref_=fn_tt_tt_1
3595,The Protector 2,0,3302463,"https://imdb.com/title/tt1925518/?ref_=fn_tt_tt_1",https://imdb.com/title/tt1925518/?ref_=fn_tt_tt_1
3703,Long Live Love!,0,0,"https://imdb.com/title/tt28298504/?ref_=fn_tt_tt_1",https://imdb.com/title/tt28298504/?ref_=fn_tt_tt_1
5968,AI Love You,0,0,"https://imdb.com/title/tt11182810/?ref_=fn_tt_tt_1",https://imdb.com/title/tt11182810/?ref_=fn_tt_tt_1
7540,Ong Bak 3,0,2340363,"https://imdb.com/title/tt1653690/?ref_=fn_tt_tt_1",https://imdb.com/title/tt1653690/?ref_=fn_tt_tt_1
8145,Bad Genius,1839169,42350000,"https://imdb.com/title/tt6788942/?ref_=fn_tt_tt_1",https://imdb.com/title/tt6788942/?ref_=fn_tt_tt_1
8275,Ghost Lab,0,0,"https://imdb.com/title/tt13446126/?ref_=fn_tt_tt_1",https://imdb.com/title/tt13446126/?ref_=fn_tt_tt_1
9777,Chocolate,0,0,"https://imdb.com/title/tt9201172/?ref_=fn_tt_tt_1",https://imdb.com/title/tt9201172/?ref_=fn_tt_tt_1
